,Date,AT_avg,CO_avg,NH3_avg,NO_avg,NO2_avg,NOx_avg,Ozone_avg,PM2.5_avg,PM10_avg,RH_avg,SO2_avg,SR_avg,Temp_avg,WS_avg,Confirmed,Recovered,Deceased
0,2020-05-01,30.819,0.958,39.815,14.783,21.294,25.165,51.297,64.836,156.958,52.783,16.083,167.682,27.545,1.237,3738.0,1167.0,61.0
1,2020-05-02,29.737,0.867,37.919,17.376,20.241,28.622,52.983,43.953,132.42,52.792,13.203,179.619,27.681,1.991,4122.0,1256.0,64.0
2,2020-05-03,27.945,0.828,36.544,17.301,21.705,29.889,43.834,43.489,116.553,59.577,11.907,127.585,25.491,1.627,4549.0,1362.0,64.0
3,2020-05-04,27.933,0.862,35.579,17.664,22.474,28.178,45.313,41.615,108.575,57.362,12.177,188.614,25.334,1.081,4898.0,1431.0,64.0
4,2020-05-05,29.735,0.962,35.253,19.28,25.861,31.802,46.747,65.745,145.705,49.79,14.963,192.195,28.092,1.028,5104.0,1468.0,64.0
5,2020-05-06,29.384,0.992,34.089,17.088,25.802,30.448,49.28,65.058,179.508,46.438,14.997,145.897,26.87,1.127,5532.0,1542.0,65.0
6,2020-05-07,29.677,0.843,31.156,15.561,22.382,26.489,63.12,46.205,121.658,42.639,13.132,202.071,27.017,1.288,5980.0,1931.0,66.0
7,2020-05-08,31.259,0.887,33.1,16.22,24.373,27.971,64.481,58.459,148.942,45.17,13.623,191.312,28.995,1.075,6318.0,2020.0,68.0
8,2020-05-09,32.363,0.896,34.923,17.83,23.534,30.966,66.482,61.867,146.653,46.292,13.247,178.152,29.937,1.266,6542.0,2020.0,68.0
9,2020-05-10,28.26,0.834,33.799,12.248,23.68,24.885,52.154,56.013,135.087,53.823,12.259,108.613,25.788,1.682,6923.0,2069.0,73.0
10,2020-05-11,29.049,0.85,33.204,9.795,23.546,21.442,55.507,54.974,130.341,54.68,12.823,172.393,26.202,1.488,7233.0,2129.0,73.0
11,2020-05-12,30.297,0.884,34.006,10.454,22.311,21.086,54.952,52.042,125.091,50.618,14.132,170.579,27.77,1.218,7639.0,2512.0,86.0
12,2020-05-13,29.939,0.97,36.186,9.322,25.097,22.273,45.216,72.259,171.399,53.112,14.68,118.661,27.462,0.886,7998.0,2858.0,106.0
13,2020-05-14,30.199,0.951,34.578,12.644,27.012,26.605,44.702,60.769,144.494,53.704,12.755,181.562,27.862,1.074,8470.0,3045.0,115.0
14,2020-05-15,31.099,0.918,32.087,8.292,25.01,21.579,47.828,56.604,131.1,43.367,14.17,196.115,28.642,1.47,8895.0,3518.0,123.0
15,2020-05-16,31.76,1.012,31.235,8.037,26.815,22.447,55.653,80.985,162.39,38.564,15.504,207.88,29.501,1.339,9333.0,3926.0,129.0
16,2020-05-17,32.058,1.097,32.615,10.8,31.803,27.89,52.323,95.66,190.747,37.565,19.079,181.572,29.985,0.934,9755.0,4202.0,148.0
17,2020-05-18,31.935,1.144,32.403,13.37,34.794,31.715,46.65,96.778,195.799,35.732,21.119,196.763,30.344,1.084,10054.0,4485.0,160.0
18,2020-05-19,32.052,1.283,33.73,17.622,41.469,39.171,49.645,104.925,212.933,33.492,19.133,193.321,30.25,0.936,10554.0,4750.0,166.0
19,2020-05-20,32.267,1.043,32.034,9.845,31.736,26.646,55.509,68.825,168.155,30.159,17.83,206.157,30.41,1.419,11088.0,5192.0,176.0
20,2020-05-21,33.142,1.182,30.17,11.964,32.938,29.286,55.282,60.475,173.554,30.161,18.365,207.058,31.894,1.526,11659.0,5567.0,194.0
21,2020-05-22,34.145,1.404,32.067,19.885,45.952,43.585,47.604,95.21,212.572,32.27,23.687,197.796,33.001,0.902,12319.0,5897.0,208.0
22,2020-05-23,36.035,1.149,32.423,17.167,39.36,37.414,38.824,72.855,205.377,32.609,17.206,187.949,34.171,1.079,12910.0,6267.0,231.0
23,2020-05-24,37.887,0.926,31.834,9.183,27.381,23.494,47.675,59.595,182.295,30.672,16.667,186.29,34.825,1.271,13418.0,6540.0,261.0
24,2020-05-25,36.98,0.982,32.409,11.011,31.248,27.303,48.378,64.924,172.434,31.765,19.574,202.244,34.512,1.332,14053.0,6771.0,276.0
25,2020-05-26,38.055,1.075,30.164,17.665,35.418,34.986,38.136,56.191,195.638,30.254,15.662,198.302,35.438,1.342,14465.0,6954.0,288.0
26,2020-05-27,37.541,0.843,29.647,7.653,27.117,21.427,62.975,45.273,170.375,31.89,14.244,183.584,34.445,1.383,15257.0,7264.0,303.0
27,2020-05-28,33.742,0.819,33.705,5.582,17.878,14.172,51.288,42.017,224.326,46.677,12.175,168.613,31.041,2.602,16281.0,7495.0,316.0
28,2020-05-29,29.749,0.792,37.256,5.833,20.427,15.985,43.089,28.853,95.305,58.428,11.147,148.445,27.792,2.184,17386.0,7846.0,398.0
29,2020-05-30,29.951,0.864,38.62,5.637,18.892,14.787,47.283,27.908,83.308,58.276,10.122,185.505,27.591,1.699,18549.0,8075.0,416.0
30,2020-05-31,27.213,0.854,37.996,5.593,17.921,14.1,41.274,28.717,67.092,70.483,9.995,151.137,25.124,1.549,19844.0,8478.0,473.0
31,2020-06-01,29.451,0.991,38.15,6.612,24.834,19.153,46.256,46.641,105.267,63.179,14.534,192.01,27.098,0.842,20834.0,8746.0,523.0
32,2020-06-02,31.296,0.938,38.533,7.995,24.846,20.582,46.281,47.243,119.207,56.991,12.998,189.701,28.891,1.151,22132.0,9243.0,556.0
33,2020-06-03,32.048,0.956,38.693,7.875,29.277,22.987,46.083,53.495,134.289,53.335,15.497,180.608,29.525,0.955,23645.0,9542.0,615.0
34,2020-06-04,30.329,1.079,41.253,11.913,33.321,29.151,38.308,69.958,154.461,58.387,18.194,117.178,28.222,1.117,25004.0,9898.0,659.0
35,2020-06-05,30.141,0.879,38.142,8.152,26.17,21.116,42.482,46.119,107.739,59.023,12.479,159.526,27.95,1.086,26334.0,10315.0,708.0
36,2020-06-06,31.395,0.848,35.011,6.663,21.943,17.601,47.771,38.762,102.481,57.475,10.978,180.923,29.044,1.211,27654.0,10664.0,761.0
37,2020-06-07,30.811,0.859,33.976,7.062,23.007,18.575,43.577,43.131,109.179,58.757,12.202,162.388,28.678,1.179,28936.0,10999.0,812.0
38,2020-06-08,32.638,0.946,35.191,8.259,27.685,22.479,49.298,51.214,123.165,54.138,15.474,187.211,30.424,0.983,29943.0,11357.0,874.0
39,2020-06-09,34.832,1.023,36.912,11.81,32.467,29.148,45.934,66.858,161.021,50.29,14.535,185.893,32.568,0.909,31309.0,11861.0,905.0
40,2020-06-10,35.08,1.011,36.269,16.282,33.33,34.273,39.294,60.757,164.907,50.911,13.846,181.587,33.36,0.951,32810.0,12245.0,984.0
41,2020-06-11,34.91,0.941,38.312,12.637,32.265,30.594,39.66,60.716,153.895,50.994,13.278,188.157,33.102,0.847,34687.0,12731.0,1085.0
42,2020-06-12,35.612,1.064,40.764,12.717,30.134,29.819,41.561,65.801,164.659,50.915,12.467,169.757,33.484,1.134,36824.0,13398.0,1214.0
43,2020-06-13,32.769,0.963,38.966,9.449,26.31,23.632,33.13,57.247,148.849,57.545,10.348,125.334,31.035,1.29,38958.0,14945.0,1271.0
44,2020-06-14,34.713,1.015,40.818,10.203,26.986,24.462,37.445,71.832,161.276,54.892,12.931,164.721,32.344,0.949,41182.0,15823.0,1327.0
45,2020-06-15,36.309,0.906,37.856,9.449,27.365,24.644,44.457,53.315,141.207,46.927,12.547,181.45,34.315,1.031,42829.0,16427.0,1400.0
46,2020-06-16,36.189,0.885,35.559,7.909,25.492,21.227,48.477,42.501,126.225,46.947,11.602,177.085,33.538,1.315,44688.0,16500.0,1837.0
47,2020-06-17,35.412,0.79,33.32,6.049,17.964,15.457,45.557,37.194,112.965,52.177,10.159,190.817,32.958,1.763,47102.0,17457.0,1904.0
48,2020-06-18,36.375,0.847,32.149,6.595,19.719,16.682,46.171,41.014,121.349,49.902,12.19,185.995,33.542,1.392,49979.0,21341.0,1969.0
49,2020-06-19,36.152,0.872,31.74,7.572,18.95,16.396,39.285,60.658,211.042,52.922,11.479,159.429,32.892,1.566,53116.0,23569.0,2035.0
50,2020-06-20,32.361,0.824,31.058,8.14,22.253,19.49,34.523,38.719,123.528,57.395,10.777,119.572,29.424,1.309,56746.0,31294.0,2112.0
51,2020-06-21,32.083,0.852,33.258,7.273,24.665,19.823,34.525,45.63,113.75,62.084,11.051,127.093,29.477,1.05,59746.0,33013.0,2175.0
52,2020-06-22,32.744,0.934,37.816,6.154,21.759,18.344,40.035,44.288,100.243,61.463,10.75,180.029,30.952,1.062,62655.0,36602.0,2233.0
53,2020-06-23,33.083,0.972,36.745,6.901,17.19,15.88,27.884,32.006,85.097,62.258,10.689,166.546,30.942,1.673,66602.0,39313.0,2301.0
54,2020-06-24,31.838,0.959,35.013,12.23,18.632,16.856,24.543,35.063,86.616,68.163,10.669,132.461,29.822,1.504,70390.0,41437.0,2365.0
55,2020-06-25,32.565,1.099,33.583,10.593,22.718,22.177,25.951,42.195,99.226,65.934,11.018,161.032,30.548,0.917,73780.0,44765.0,2429.0
56,2020-06-26,33.01,0.995,37.385,10.1,22.563,22.306,23.861,53.099,129.714,63.511,11.211,147.458,31.26,1.178,77240.0,47091.0,2492.0
57,2020-06-27,34.133,0.883,37.37,11.205,22.096,22.768,18.32,45.69,172.116,55.331,10.048,148.337,32.225,1.513,80188.0,49301.0,2558.0
58,2020-06-28,35.071,1.006,32.76,13.251,22.265,24.478,18.741,64.208,297.432,51.712,10.282,166.266,33.682,1.444,83077.0,52607.0,2623.0
59,2020-06-29,34.551,0.895,31.949,9.93,21.58,21.173,26.842,47.504,179.579,54.732,10.847,150.667,32.515,1.429,85161.0,56235.0,2680.0
60,2020-06-30,33.407,0.879,31.194,6.593,18.558,16.268,34.813,46.153,111.387,62.926,10.224,155.562,31.06,1.537,87360.0,58348.0,2742.0
61,2020-07-01,34.537,0.987,34.077,8.358,21.099,19.276,39.247,55.83,132.824,58.803,9.75,146.161,32.137,1.261,89802.0,59992.0,2803.0
62,2020-07-02,35.693,0.943,36.367,10.302,23.359,23.223,45.022,66.316,151.97,55.921,10.752,151.141,33.232,1.013,92175.0,63007.0,2864.0
63,2020-07-03,35.356,1.004,37.179,12.002,23.418,24.771,41.546,65.261,156.734,56.25,10.619,151.418,33.255,1.383,94695.0,65624.0,2923.0
64,2020-07-04,33.811,0.834,35.553,12.323,18.31,21.564,36.123,48.585,112.047,61.705,10.115,153.33,31.488,1.882,97200.0,68256.0,3004.0
65,2020-07-05,29.857,0.787,32.267,14.043,19.569,24.026,43.555,36.069,80.921,70.292,10.806,157.34,28.185,1.422,99444.0,71339.0,3067.0
66,2020-07-06,31.852,0.978,33.042,11.672,21.508,21.612,26.809,49.341,101.89,69.249,10.102,151.378,29.712,1.263,100823.0,72088.0,3115.0
67,2020-07-07,30.481,0.73,30.822,7.682,15.978,15.72,20.32,25.198,67.373,71.761,10.543,140.756,28.552,1.866,102831.0,74217.0,3165.0
68,2020-07-08,30.757,0.814,27.638,7.99,19.138,17.806,20.349,30.798,63.16,73.639,9.431,120.909,28.837,1.561,104864.0,78199.0,3213.0
69,2020-07-09,33.226,0.881,29.134,11.197,23.74,21.778,29.086,39.669,82.113,65.408,10.021,158.383,30.847,0.956,107051.0,82226.0,3258.0
70,2020-07-10,34.383,0.793,28.174,8.885,21.383,19.781,28.087,30.23,88.257,59.947,9.948,170.166,31.574,1.368,109140.0,84694.0,3300.0
71,2020-07-11,31.937,0.857,29.973,8.236,20.943,18.711,34.864,26.062,70.507,66.909,9.592,150.67,29.448,1.306,110921.0,87692.0,3334.0
72,2020-07-12,30.697,0.88,29.44,8.053,21.124,18.345,34.276,28.378,68.542,65.346,10.461,138.883,28.585,1.334,112494.0,89968.0,3371.0
73,2020-07-13,32.914,0.825,28.969,9.493,22.912,21.331,31.752,36.18,121.495,60.447,10.492,184.131,30.252,1.066,113740.0,91312.0,3411.0
74,2020-07-14,34.563,0.857,29.418,9.331,22.889,21.058,34.324,46.228,147.5,58.496,9.489,169.734,31.708,1.074,115346.0,93236.0,3446.0
75,2020-07-15,33.434,0.822,31.915,7.155,19.578,17.699,36.752,44.266,111.836,62.712,9.869,158.643,30.717,1.659,116993.0,95699.0,3487.0
76,2020-07-16,32.813,0.84,32.757,9.024,21.628,19.806,25.336,36.599,81.192,65.218,10.299,131.538,30.27,1.526,118645.0,97693.0,3545.0
77,2020-07-17,32.675,0.985,32.252,8.476,21.552,19.737,24.49,46.898,88.106,68.884,10.378,133.136,30.161,1.452,120107.0,99301.0,3571.0
78,2020-07-18,32.565,0.876,33.1,8.558,21.31,19.82,23.184,43.653,91.558,69.419,12.044,133.337,29.957,1.372,121582.0,101274.0,3597.0
79,2020-07-19,30.78,1.071,30.7,11.134,21.894,21.651,21.114,33.051,66.23,75.021,8.589,118.083,28.721,1.024,122793.0,103134.0,3628.0
80,2020-07-20,29.89,0.992,29.583,10.271,24.852,22.478,32.12,26.732,63.299,71.242,8.589,121.502,27.81,1.13,123747.0,104918.0,3663.0
81,2020-07-21,27.905,0.952,26.719,10.826,24.805,23.644,25.581,28.927,56.303,79.553,9.485,114.779,26.96,1.269,125096.0,106118.0,3690.0
82,2020-07-22,27.843,1.146,26.798,12.288,24.325,24.866,16.146,28.337,58.713,82.081,8.472,88.559,26.598,0.956,126323.0,107650.0,3719.0
83,2020-07-23,30.622,1.156,28.367,17.553,29.024,32.375,25.924,39.328,84.771,70.254,9.078,181.084,29.165,0.828,127364.0,109065.0,3745.0
84,2020-07-24,31.149,1.107,35.521,11.176,27.486,26.063,27.253,47.616,97.135,69.964,11.437,169.523,30.338,1.244,128389.0,110931.0,3777.0
85,2020-07-25,31.24,0.948,35.717,8.889,21.062,20.374,22.345,35.627,74.331,72.705,8.89,148.372,29.844,1.314,129531.0,113068.0,3806.0
86,2020-07-26,32.076,1.177,35.977,12.312,27.821,27.219,28.647,47.403,104.41,69.101,8.841,165.733,30.84,0.827,130606.0,114875.0,3827.0
87,2020-07-27,33.781,1.069,36.835,15.577,26.594,29.631,24.852,39.726,104.109,62.401,10.339,188.513,32.084,1.236,131219.0,116372.0,3853.0
88,2020-07-28,33.919,0.969,32.565,15.334,24.143,25.498,22.631,30.099,90.717,61.965,8.936,181.321,32.017,1.286,132275.0,117507.0,3881.0
89,2020-07-29,31.217,0.954,29.525,11.789,27.973,26.79,20.633,30.376,85.645,68.578,9.63,123.553,29.691,1.216,133310.0,118633.0,3907.0
90,2020-07-30,29.905,0.914,29.24,11.026,25.147,24.502,25.323,25.015,62.167,72.08,9.202,142.928,27.304,1.191,134403.0,119724.0,3936.0
91,2020-07-31,31.444,1.024,30.3,11.674,27.941,26.754,24.952,43.98,93.18,72.168,8.982,143.263,28.437,0.951,135598.0,120930.0,3963.0
92,2020-08-01,30.859,1.152,32.776,10.904,26.227,24.909,23.553,37.427,79.851,73.269,8.627,142.111,27.912,1.013,136716.0,122131.0,3989.0
93,2020-08-02,32.37,0.982,31.587,12.907,23.215,25.088,20.851,28.586,70.055,67.785,7.995,179.331,29.448,1.103,137677.0,123317.0,4004.0
94,2020-08-03,33.373,0.921,31.242,12.789,23.19,25.128,22.386,29.961,77.598,64.097,7.742,166.119,30.11,1.231,138482.0,124254.0,4021.0
95,2020-08-04,33.242,0.857,28.837,10.148,23.159,22.743,24.695,30.449,77.541,62.841,8.291,173.208,30.117,1.058,139156.0,125226.0,4033.0
96,2020-08-05,31.644,1.153,28.28,11.557,28.911,27.228,19.717,43.529,94.897,70.999,11.844,112.709,29.092,1.007,140232.0,126116.0,4044.0
97,2020-08-06,33.152,0.822,30.73,9.343,20.314,20.124,18.142,24.233,70.239,61.656,11.315,180.165,30.455,2.312,141531.0,127124.0,4059.0
98,2020-08-07,32.225,0.86,28.039,9.472,22.143,21.273,21.545,29.988,66.677,64.624,9.671,162.167,29.584,1.78,142723.0,128232.0,4082.0
99,2020-08-08,33.387,1.086,30.05,13.525,29.227,28.951,28.092,51.614,99.436,63.666,10.378,145.332,30.824,0.744,144127.0,129362.0,4098.0
100,2020-08-09,31.063,0.977,29.511,12.642,23.258,24.822,20.563,36.246,70.769,74.894,8.434,117.101,28.617,1.014,145427.0,130587.0,4111.0
101,2020-08-10,31.597,0.965,32.845,10.893,22.102,22.5,19.659,39.123,72.135,73.239,8.605,132.196,28.851,1.178,146134.0,131657.0,4131.0
102,2020-08-11,31.941,1.034,31.203,13.898,26.864,27.969,19.252,47.156,84.366,71.593,8.768,138.541,29.497,0.921,147391.0,132384.0,4139.0
103,2020-08-12,32.192,0.731,29.165,11.554,20.912,22.861,18.033,31.273,71.241,69.62,8.052,159.101,29.684,1.284,148504.0,133405.0,4153.0
104,2020-08-13,28.265,0.962,26.855,12.738,24.277,25.61,16.761,25.118,44.793,83.444,8.376,60.569,26.517,1.038,149460.0,134318.0,4167.0
105,2020-08-14,29.706,1.012,25.321,10.862,22.725,22.792,20.12,29.785,60.364,77.987,10.235,101.34,28.507,1.314,150652.0,135108.0,4178.0
106,2020-08-15,30.857,0.857,26.926,10.397,20.506,20.861,23.25,41.798,75.169,71.329,8.565,147.026,30.264,1.303,151928.0,136251.0,4188.0
107,2020-08-16,31.246,0.898,27.328,11.7,22.028,22.965,21.849,36.187,67.454,69.538,8.706,166.237,29.861,1.248,152580.0,137561.0,4196.0
108,2020-08-17,30.966,1.05,26.942,15.751,25.295,28.51,19.08,34.787,67.122,76.668,8.829,113.78,28.638,1.133,153367.0,138301.0,4214.0
109,2020-08-18,30.777,1.053,32.434,17.15,27.708,31.016,17.287,36.311,77.987,74.33,9.07,121.551,28.705,0.953,154741.0,139447.0,4226.0
110,2020-08-19,27.694,1.134,30.568,18.386,31.905,34.381,16.559,26.625,53.927,85.16,9.197,55.437,26.36,1.031,156139.0,140767.0,4235.0
111,2020-08-20,27.64,0.97,26.382,12.961,27.477,26.87,21.993,24.788,50.648,83.826,9.759,95.013,26.338,1.187,157354.0,141826.0,4257.0
112,2020-08-21,30.086,0.876,22.511,14.394,22.797,25.553,23.988,26.183,65.795,71.179,10.127,174.675,28.235,1.297,158604.0,142908.0,4270.0
113,2020-08-22,30.782,0.733,22.599,9.594,17.643,19.181,24.059,21.704,61.578,67.176,9.824,175.612,28.387,1.859,160016.0,144138.0,4284.0
114,2020-08-23,29.792,0.793,22.959,9.374,17.108,19.567,25.613,27.092,67.634,69.904,9.486,129.544,27.81,1.84,161466.0,145388.0,4300.0
115,2020-08-24,29.67,0.739,23.919,13.145,22.669,24.967,23.805,21.726,60.865,71.792,9.919,115.098,27.561,1.692,162527.0,146588.0,4313.0
116,2020-08-25,30.205,0.782,24.078,12.932,23.517,25.535,22.177,21.968,67.127,71.392,8.535,122.204,28.104,1.312,164071.0,147743.0,4330.0
117,2020-08-26,30.814,0.842,24.336,18.83,24.77,31.464,20.538,20.859,65.51,67.857,8.148,143.51,28.711,0.989,165764.0,148897.0,4347.0
118,2020-08-27,31.298,0.842,22.647,17.114,24.226,29.066,21.323,23.712,71.099,66.245,8.057,154.231,29.055,0.968,167604.0,150027.0,4369.0
119,2020-08-28,29.185,1.08,25.355,25.158,30.057,39.644,20.872,33.95,81.849,77.49,9.398,99.581,27.594,0.908,169412.0,151473.0,4389.0
120,2020-08-29,30.687,1.018,27.462,17.615,26.931,31.008,28.782,39.841,90.269,70.693,11.56,158.261,28.704,0.981,171366.0,152922.0,4404.0
121,2020-08-30,29.093,0.673,27.615,8.892,20.006,18.867,20.081,28.397,65.618,70.636,10.127,108.464,27.121,2.097,173390.0,154171.0,4426.0
122,2020-08-31,29.676,0.728,23.824,10.742,20.029,20.591,17.435,18.835,52.712,70.785,8.359,124.241,28.411,1.793,174748.0,155678.0,4444.0
123,2020-09-01,30.426,0.795,22.985,18.08,25.483,30.832,22.798,22.979,71.399,63.24,9.969,152.306,28.682,1.162,177060.0,156728.0,4462.0
124,2020-09-02,30.845,0.815,22.718,14.582,26.379,27.695,28.456,29.993,78.829,65.788,9.536,147.621,29.28,0.876,179569.0,158586.0,4481.0
125,2020-09-03,31.517,0.794,24.086,9.853,25.032,22.674,24.356,37.18,93.192,65.874,9.812,153.104,29.508,1.468,182306.0,160114.0,4500.0
126,2020-09-04,31.429,0.9,26.243,12.336,26.678,26.231,25.015,40.183,90.322,67.244,10.164,150.363,29.192,1.156,185220.0,161865.0,4513.0
127,2020-09-05,30.261,0.833,27.153,17.508,28.338,31.823,30.616,42.448,98.909,70.874,8.717,145.498,27.887,0.958,188193.0,163785.0,4538.0
128,2020-09-06,30.004,0.843,29.163,13.161,27.386,27.645,29.61,34.704,79.33,71.608,8.75,147.013,27.647,0.834,191449.0,165973.0,4567.0
129,2020-09-07,30.323,0.98,29.688,19.725,32.952,37.057,23.092,55.498,101.686,71.187,10.296,121.202,28.33,0.884,193526.0,168384.0,4599.0
130,2020-09-08,31.001,0.848,28.145,14.416,26.0,27.732,27.174,37.964,89.312,64.646,8.7,162.02,29.077,1.006,197135.0,170140.0,4618.0
131,2020-09-09,31.666,0.943,30.098,17.223,26.917,30.982,27.437,50.922,119.043,65.739,9.599,152.132,29.138,1.006,201174.0,172763.0,4638.0
132,2020-09-10,31.592,0.966,30.615,19.779,33.208,34.093,28.129,51.032,125.363,63.133,9.129,161.876,29.837,1.103,205482.0,175400.0,4666.0
133,2020-09-11,32.385,1.02,29.545,24.463,34.57,41.57,30.905,57.558,149.723,59.147,10.726,155.722,30.267,0.828,209748.0,178154.0,4687.0
134,2020-09-12,32.359,1.059,31.939,28.059,33.992,45.276,34.646,63.081,155.256,59.272,11.035,154.151,30.042,0.846,214069.0,181295.0,4715.0
135,2020-09-13,32.255,0.981,32.15,15.596,28.537,31.063,36.692,68.696,148.796,62.024,10.366,131.273,29.81,0.866,218304.0,184698.0,4744.0
136,2020-09-14,32.047,1.136,32.247,17.371,30.849,33.653,30.578,70.269,154.162,63.119,9.959,123.388,30.05,0.86,221533.0,188072.0,4770.0
137,2020-09-15,32.192,1.076,32.169,18.593,32.225,36.044,32.329,64.963,149.594,61.671,10.111,129.472,30.042,0.836,225796.0,191203.0,4806.0
138,2020-09-16,32.935,1.085,32.312,20.927,34.063,39.148,30.533,64.632,164.622,60.212,9.906,138.127,30.724,1.038,230269.0,194516.0,4839.0
139,2020-09-17,33.084,0.844,30.676,14.682,28.131,29.308,26.899,48.33,127.599,57.99,9.637,145.345,30.207,1.275,234701.0,198103.0,4877.0
140,2020-09-18,32.984,0.77,29.667,12.684,26.183,26.121,25.649,42.125,120.315,57.653,9.632,145.893,30.444,1.269,238828.0,201671.0,4907.0
141,2020-09-19,32.791,0.897,30.06,13.927,28.913,28.611,31.383,55.283,139.031,59.566,10.376,139.933,30.045,0.946,242899.0,205890.0,4945.0
142,2020-09-20,32.254,0.879,31.827,12.092,28.057,26.72,33.453,67.178,155.067,60.422,11.798,141.445,29.828,1.134,246711.0,209632.0,4982.0
143,2020-09-21,32.479,0.898,29.765,9.123,28.008,24.306,37.296,60.884,149.225,59.444,12.216,129.197,30.097,0.981,249259.0,213304.0,5014.0
144,2020-09-22,32.364,0.872,28.853,11.636,29.63,27.011,23.989,41.759,109.774,60.573,12.786,128.094,29.804,1.101,253075.0,216401.0,5051.0
145,2020-09-23,32.015,0.809,28.28,12.356,28.35,25.8,23.017,29.266,86.755,60.367,12.203,126.733,29.354,1.184,256789.0,220866.0,5087.0
146,2020-09-24,31.179,0.926,27.467,22.61,38.226,26.527,30.331,42.908,107.585,61.8,12.785,128.711,28.444,1.031,260623.0,224375.0,5123.0
147,2020-09-25,31.509,1.066,27.406,23.944,44.922,42.05,33.918,56.501,153.06,58.26,11.667,138.02,29.001,1.138,264450.0,228436.0,5147.0
148,2020-09-26,29.788,1.083,29.512,35.125,44.669,54.73,18.611,60.249,176.53,58.645,11.786,94.296,27.892,1.036,267822.0,232912.0,5193.0
149,2020-09-27,30.078,0.925,27.757,25.56,33.16,41.976,28.11,39.813,127.98,54.56,10.596,143.37,28.028,1.042,271114.0,236651.0,5235.0
150,2020-09-28,30.462,1.043,31.808,26.995,38.548,47.002,30.068,63.353,197.248,54.502,11.154,144.432,28.498,1.164,273098.0,240703.0,5272.0
151,2020-09-29,30.247,0.924,33.858,15.474,35.19,34.436,33.786,68.17,204.857,56.767,11.235,138.323,28.338,1.25,276325.0,243481.0,5320.0
152,2020-09-30,29.748,0.877,32.205,15.835,35.925,35.78,33.406,57.804,178.414,53.854,10.868,140.816,28.067,1.274,279715.0,247446.0,5361.0
153,2020-10-01,30.064,1.118,33.261,24.357,39.792,46.096,31.726,61.658,191.247,53.023,11.438,141.281,28.312,1.173,282752.0,250613.0,5401.0
154,2020-10-02,29.694,1.033,33.895,21.886,37.126,42.311,39.501,76.275,196.452,54.822,11.527,144.305,28.138,1.003,285672.0,253784.0,5438.0
155,2020-10-03,29.127,1.135,34.218,22.648,42.491,46.148,37.098,76.856,195.36,53.827,13.037,142.094,27.73,0.964,287930.0,257224.0,5472.0
156,2020-10-04,28.688,1.113,33.75,25.306,44.391,49.529,41.372,76.55,199.344,51.86,13.769,141.027,27.505,0.955,290613.0,260350.0,5510.0
157,2020-10-05,28.735,1.091,32.593,23.548,43.553,46.784,39.992,69.708,206.634,50.181,12.344,137.088,27.19,1.243,292560.0,263938.0,5542.0
158,2020-10-06,28.471,1.269,34.586,33.982,51.769,61.505,36.008,76.882,216.378,51.376,14.146,136.937,27.022,1.091,295236.0,266935.0,5581.0
159,2020-10-07,28.758,1.273,37.342,39.26,49.448,65.118,36.417,94.608,236.179,51.632,15.574,131.332,27.064,1.005,298107.0,270305.0,5616.0
160,2020-10-08,28.931,1.162,37.723,27.505,46.882,53.204,39.896,85.129,222.638,51.337,15.501,128.014,27.198,1.011,300833.0,272948.0,5653.0
161,2020-10-09,28.721,1.303,38.458,29.684,48.857,56.177,38.13,88.707,224.459,51.571,15.504,122.228,27.084,0.825,303693.0,276046.0,5692.0
162,2020-10-10,28.883,1.263,39.743,23.959,45.221,48.007,40.4,94.528,227.79,52.362,16.138,117.898,27.03,0.953,306559.0,278812.0,5740.0
163,2020-10-11,28.726,1.23,38.681,24.215,44.898,48.366,38.512,96.096,228.068,52.451,16.412,118.885,26.944,0.974,309339.0,281869.0,5769.0
164,2020-10-12,28.494,1.811,41.05,51.214,56.074,78.826,38.172,128.499,282.907,51.969,18.33,113.454,26.771,0.738,311188.0,284844.0,5809.0
165,2020-10-13,29.018,1.94,46.551,57.289,55.592,82.422,35.109,131.06,285.443,57.731,17.864,98.88,26.972,0.796,314224.0,286880.0,5854.0
166,2020-10-14,29.36,1.783,48.47,41.247,52.931,66.599,32.137,130.291,273.763,57.546,17.171,86.615,27.287,0.677,317548.0,289747.0,5898.0
167,2020-10-15,28.777,1.489,41.685,44.166,52.179,68.464,31.44,141.505,289.248,47.014,16.919,111.964,27.04,0.82,321031.0,292502.0,5924.0
168,2020-10-16,27.079,1.482,35.51,53.852,57.103,81.229,37.666,112.82,256.387,44.548,17.658,117.402,25.781,0.74,324459.0,295699.0,5946.0
169,2020-10-17,26.921,1.747,41.516,68.881,66.17,97.98,33.903,130.888,292.154,48.582,16.673,108.09,25.662,0.691,327718.0,298853.0,5981.0
170,2020-10-18,27.055,1.243,39.434,37.034,53.451,64.646,35.368,106.084,240.644,45.345,14.047,116.763,25.805,0.965,331017.0,301716.0,6009.0
171,2020-10-19,26.875,1.243,36.375,32.419,54.486,61.286,39.523,110.574,254.73,42.937,16.203,118.881,25.637,1.043,333171.0,304561.0,6040.0
172,2020-10-20,26.196,1.503,35.642,56.745,61.055,87.44,34.257,107.377,253.251,43.455,17.226,119.694,24.951,0.868,336750.0,306747.0,6081.0
173,2020-10-21,26.789,1.963,40.51,102.098,65.332,128.934,33.299,114.75,273.358,45.138,15.714,117.318,25.174,0.694,340436.0,310191.0,6128.0
174,2020-10-22,26.86,2.2,47.79,90.919,76.151,125.811,32.955,162.893,353.309,47.479,20.204,85.433,24.99,0.702,344318.0,312918.0,6163.0
175,2020-10-23,25.843,2.253,50.325,83.146,71.196,114.957,37.75,205.616,386.083,50.268,19.443,105.948,24.24,0.747,348404.0,316214.0,6189.0
176,2020-10-24,25.463,2.282,50.119,93.67,68.479,123.79,33.913,185.004,361.434,51.344,16.237,105.475,23.824,0.832,352520.0,319828.0,6225.0
177,2020-10-25,25.716,2.428,50.497,99.839,73.148,130.504,35.82,189.43,358.876,53.182,16.921,104.02,23.942,0.655,356656.0,323654.0,6258.0
178,2020-10-26,26.081,2.123,48.488,82.155,69.785,114.637,34.79,179.263,350.076,49.226,17.707,95.47,24.232,0.796,359488.0,327390.0,6312.0
179,2020-10-27,24.487,1.593,40.787,46.533,55.761,74.102,33.618,157.038,307.401,47.741,13.239,106.035,23.027,0.967,364341.0,330112.0,6356.0
180,2020-10-28,23.419,2.099,44.881,83.824,75.026,115.384,32.027,178.2,355.814,50.24,16.331,97.593,22.415,0.711,370014.0,334240.0,6396.0
181,2020-10-29,23.917,2.59,51.802,105.0,88.478,143.65,32.346,228.405,427.042,54.15,17.765,93.314,22.461,0.593,375753.0,338378.0,6423.0
182,2020-10-30,24.765,1.983,49.015,60.304,69.443,93.758,30.744,204.627,378.038,49.341,15.437,100.161,22.937,0.909,381644.0,342811.0,6470.0
183,2020-10-31,24.518,1.733,44.762,29.385,58.584,59.605,33.809,241.499,414.233,47.006,14.779,100.793,22.834,1.151,386706.0,347476.0,6511.0
184,2020-11-01,23.701,1.759,38.608,37.292,64.375,65.939,32.687,234.009,402.688,43.966,16.616,97.578,22.095,1.043,392370.0,351635.0,6562.0
185,2020-11-02,22.899,2.009,38.746,68.069,65.301,94.931,27.576,157.845,317.346,45.171,15.416,91.322,21.334,0.836,396371.0,356459.0,6604.0
186,2020-11-03,22.922,2.331,43.771,110.024,70.754,139.43,26.377,139.19,304.868,47.223,15.477,97.535,21.414,0.712,403096.0,360069.0,6652.0
187,2020-11-04,22.623,2.505,53.075,86.605,80.768,124.21,20.46,295.842,501.484,52.934,17.213,75.017,20.834,0.753,409938.0,365866.0,6703.0
188,2020-11-05,23.828,2.274,51.613,77.256,76.549,111.834,28.78,261.579,444.988,51.356,17.352,92.158,21.595,0.786,416653.0,371155.0,6769.0
189,2020-11-06,23.811,2.354,52.766,97.52,81.322,132.271,24.665,245.939,440.299,50.626,18.058,85.341,21.738,0.766,423831.0,377276.0,6833.0
190,2020-11-07,23.671,2.357,53.24,77.085,74.166,110.342,31.871,301.864,503.937,51.195,17.542,87.968,21.6,0.839,430784.0,383614.0,6912.0
191,2020-11-08,23.439,2.569,56.461,93.878,85.288,132.838,27.498,325.823,524.03,55.585,20.92,75.517,20.691,0.652,438529.0,389683.0,6989.0
192,2020-11-09,22.906,3.05,66.873,79.468,92.649,125.831,27.105,488.747,696.595,60.303,17.841,73.465,20.371,0.697,443552.0,396697.0,7060.0
193,2020-11-10,23.401,3.226,65.461,96.674,84.604,135.966,31.048,436.586,543.789,62.024,17.827,77.402,20.665,0.645,451382.0,402854.0,7143.0
194,2020-11-11,24.07,2.662,54.436,117.36,65.278,142.613,28.659,178.769,346.997,60.271,18.974,87.882,20.942,0.704,459975.0,410118.0,7228.0
195,2020-11-12,24.259,2.758,52.055,123.533,73.653,150.773,31.869,176.208,342.302,59.432,17.692,86.068,21.155,0.595,467028.0,416580.0,7332.0
196,2020-11-13,24.146,2.599,50.475,93.458,76.1,127.042,34.036,205.174,371.988,59.149,14.286,83.767,21.247,0.663,474830.0,423078.0,7423.0
197,2020-11-14,23.114,2.828,58.939,62.604,77.457,101.491,33.871,394.294,554.118,62.675,19.676,72.32,20.481,0.586,482170.0,430195.0,7519.0
198,2020-11-15,23.766,1.73,50.835,23.989,48.23,49.145,45.666,289.294,387.784,61.49,19.266,75.053,21.03,1.214,485405.0,437801.0,7614.0
199,2020-11-16,23.654,1.1,44.689,16.529,33.971,33.36,31.256,83.671,132.493,69.469,12.178,70.159,21.196,1.148,489202.0,441361.0,7713.0
200,2020-11-17,23.32,1.197,41.096,26.873,42.675,47.861,24.174,78.956,144.207,63.675,11.853,97.897,20.627,0.976,495598.0,445782.0,7812.0
201,2020-11-18,22.207,1.416,37.956,33.259,49.862,58.224,32.118,112.706,193.911,60.156,11.038,96.405,19.516,0.885,503084.0,452683.0,7943.0
202,2020-11-19,21.25,1.627,38.908,50.789,61.137,80.886,30.948,140.194,245.35,58.521,13.066,90.315,18.836,0.798,510630.0,459368.0,8041.0
203,2020-11-20,20.614,1.378,37.636,28.752,56.8,57.985,33.423,150.081,251.987,53.916,12.99,98.75,18.763,1.154,517238.0,468143.0,8159.0
204,2020-11-21,19.873,1.288,33.532,26.892,48.361,50.926,33.487,120.325,219.399,50.897,12.917,99.564,19.026,1.319,523117.0,475106.0,8270.0
205,2020-11-22,19.509,1.616,34.959,49.127,54.592,75.295,28.15,139.016,249.167,51.337,13.92,94.387,18.437,0.941,529863.0,481260.0,8391.0
206,2020-11-23,19.387,2.421,43.183,99.997,80.547,133.676,29.498,181.878,331.615,54.211,16.337,89.445,17.96,0.607,534317.0,488476.0,8512.0
207,2020-11-24,19.386,2.974,53.109,113.095,92.663,151.684,34.051,246.557,430.534,58.768,19.442,73.58,17.39,0.618,540541.0,493419.0,8621.0
208,2020-11-25,20.388,2.188,53.423,53.858,74.915,89.888,30.645,272.708,439.836,61.468,19.757,50.792,18.44,0.869,545787.0,498780.0,8720.0
209,2020-11-26,21.786,1.226,42.677,24.037,42.718,45.489,24.255,105.043,184.173,60.331,13.989,85.966,20.179,1.069,551262.0,503717.0,8811.0
210,2020-11-27,21.268,1.167,36.768,26.225,44.866,48.502,23.515,76.641,151.495,57.904,12.36,93.628,19.214,1.135,556744.0,509654.0,8909.0
211,2020-11-28,20.545,1.482,36.556,35.415,51.243,60.874,32.245,113.601,206.699,55.855,12.454,92.817,19.211,1.152,561742.0,516166.0,8998.0
212,2020-11-29,19.594,1.899,38.922,54.601,61.52,83.229,33.339,131.392,240.464,56.008,13.836,88.415,18.308,0.761,566648.0,522491.0,9066.0
213,2020-11-30,19.964,2.503,45.139,91.036,70.586,119.864,32.718,177.413,315.347,59.522,13.942,90.994,18.37,0.773,570374.0,528315.0,9174.0
214,2020-12-01,20.154,2.575,51.331,96.891,79.982,129.372,31.474,230.565,382.502,62.892,16.222,92.989,18.688,0.733,574380.0,533351.0,9260.0
215,2020-12-02,20.54,2.275,50.978,74.342,70.266,106.706,32.972,202.69,344.428,60.523,14.752,86.613,18.867,0.882,578324.0,538680.0,9342.0
216,2020-12-03,20.624,2.22,50.41,72.976,72.47,105.826,31.98,187.418,332.799,62.3,14.29,83.156,19.031,0.723,582058.0,543514.0,9424.0
217,2020-12-04,21.19,3.003,61.045,100.943,81.485,134.153,37.08,256.546,431.009,65.191,17.296,76.845,19.508,0.74,586125.0,548376.0,9497.0
218,2020-12-05,21.832,1.939,55.363,33.124,60.788,64.173,37.957,247.696,392.623,65.973,13.987,75.844,19.994,1.073,589544.0,553292.0,9574.0
219,2020-12-06,22.234,1.919,53.955,34.945,58.811,64.115,35.865,238.44,372.525,66.31,13.029,75.867,20.085,0.843,592250.0,557914.0,9643.0
220,2020-12-07,21.258,2.279,61.066,55.251,59.849,81.594,27.868,259.52,400.476,72.918,12.9,74.634,19.881,0.906,593924.0,561732.0,9706.0
221,2020-12-08,21.337,2.478,61.363,89.217,66.036,114.233,32.605,214.933,356.666,68.339,14.603,80.782,19.748,0.649,597112.0,565039.0,9763.0
222,2020-12-09,21.873,2.534,60.836,109.945,71.199,137.964,30.166,198.1,353.513,62.899,16.72,79.583,20.204,0.705,599575.0,569216.0,9813.0
223,2020-12-10,21.752,1.837,60.32,82.928,57.557,105.152,22.853,130.191,257.401,64.934,15.45,76.509,20.327,0.825,601150.0,572523.0,9874.0
224,2020-12-11,21.286,1.971,63.908,73.104,74.001,106.124,20.405,158.34,296.068,67.734,15.374,58.017,20.212,0.764,603535.0,574925.0,9934.0
225,2020-12-12,20.253,1.764,64.489,32.023,44.843,53.794,17.168,229.751,337.51,79.167,10.459,56.342,17.411,0.963,605470.0,578116.0,9981.0
226,2020-12-13,18.312,1.014,48.047,15.397,33.027,31.624,23.577,107.1,172.598,75.363,9.615,86.663,16.515,1.297,607454.0,580655.0,10014.0
227,2020-12-14,16.616,0.828,40.131,12.785,28.968,27.525,29.231,84.714,139.78,70.51,11.761,89.377,14.778,1.267,608830.0,583509.0,10074.0
228,2020-12-15,15.532,1.081,39.505,18.957,39.24,38.306,23.541,119.005,193.096,72.866,19.108,84.131,14.185,1.086,610447.0,585852.0,10115.0
229,2020-12-16,15.453,1.09,42.879,20.112,39.545,39.958,22.597,116.285,193.601,70.876,10.32,82.513,14.124,1.21,611994.0,588586.0,10147.0
230,2020-12-17,10.901,1.182,41.428,17.79,35.106,35.334,26.346,132.675,213.835,70.495,9.652,85.845,11.998,1.42,613357.0,590977.0,10182.0
231,2020-12-18,12.846,1.413,40.22,30.661,47.719,53.799,31.125,133.449,234.035,56.116,11.67,89.276,13.407,1.283,614775.0,593137.0,10219.0
232,2020-12-19,13.823,1.573,46.174,39.295,55.202,65.035,30.037,155.169,268.722,55.116,12.392,88.993,14.769,1.118,615914.0,595305.0,10251.0
233,2020-12-20,14.396,1.686,48.627,45.566,56.775,72.908,29.863,174.789,291.803,57.448,14.065,82.352,15.284,0.995,617005.0,596580.0,10277.0
234,2020-12-21,14.972,2.083,55.448,68.753,63.542,98.298,29.568,193.368,330.709,60.121,19.224,79.318,15.029,0.837,617808.0,598249.0,10304.0
235,2020-12-22,14.506,2.975,62.976,110.718,72.289,135.996,29.014,318.143,492.661,69.254,17.034,76.112,15.931,0.693,618747.0,599683.0,10329.0
236,2020-12-23,14.324,3.346,70.934,137.474,75.682,162.759,30.872,333.073,497.665,69.985,18.529,76.65,15.935,0.719,619618.0,601268.0,10347.0
237,2020-12-24,14.371,2.838,74.557,110.941,71.566,140.177,29.58,290.418,448.36,71.027,17.233,78.32,15.299,0.798,620681.0,602388.0,10384.0
238,2020-12-25,14.583,2.015,64.619,72.068,61.69,99.726,29.814,194.502,319.022,64.048,12.105,83.529,16.088,0.951,621439.0,603758.0,10414.0
239,2020-12-26,13.717,2.065,60.313,66.538,63.575,95.418,30.399,215.905,337.387,67.447,12.513,79.898,14.776,0.829,622094.0,604746.0,10437.0
240,2020-12-27,15.347,1.999,65.344,58.855,59.724,86.677,37.7,245.204,391.357,63.007,15.44,71.76,16.495,1.157,622851.0,605685.0,10453.0
241,2020-12-28,14.034,1.178,43.364,22.68,45.594,45.996,31.463,97.744,259.942,48.44,13.725,86.131,15.291,1.143,623415.0,606644.0,10474.0
242,2020-12-29,12.461,1.342,50.728,23.898,48.644,49.144,28.817,128.869,278.137,61.121,11.994,83.358,13.865,1.178,624118.0,607494.0,10502.0
243,2020-12-30,11.438,1.442,54.459,19.696,42.381,41.707,24.263,154.035,242.222,74.445,9.869,78.693,12.605,1.203,624795.0,608434.0,10523.0
244,2020-12-31,11.387,2.097,58.444,47.122,56.573,73.563,20.617,226.45,333.857,77.534,10.898,67.553,12.614,0.884,625369.0,609322.0,10536.0
245,2021-01-01,11.351,3.347,70.882,111.826,73.098,138.168,22.042,389.46,533.364,76.985,15.447,64.528,11.971,0.804,625954.0,610039.0,10557.0
246,2021-01-02,14.371,2.194,67.136,37.779,67.565,72.566,18.401,308.675,435.601,67.072,16.441,47.368,15.44,0.925,626448.0,610535.0,10571.0
247,2021-01-03,14.937,1.384,61.735,26.365,45.575,49.049,13.743,151.397,209.64,79.342,13.125,35.307,16.03,1.174,626872.0,611243.0,10585.0
248,2021-01-04,17.238,1.373,54.621,31.686,46.092,53.672,17.726,85.089,128.029,82.087,12.939,69.832,17.824,1.022,627256.0,611970.0,10597.0
249,2021-01-05,17.377,1.274,51.037,25.185,38.169,44.08,15.342,67.859,104.116,81.095,12.999,54.69,17.18,1.08,627698.0,612527.0,10609.0
250,2021-01-06,17.347,1.433,54.034,43.207,37.665,58.291,18.587,124.453,186.632,83.798,12.677,55.455,17.317,1.078,628352.0,613246.0,10625.0
251,2021-01-07,16.39,1.147,45.946,22.832,28.352,36.262,20.509,108.015,172.851,80.453,10.029,64.882,16.36,1.312,628838.0,614026.0,10644.0
252,2021-01-08,14.414,1.245,43.383,28.496,35.707,44.776,16.288,138.456,232.54,81.767,13.016,53.119,15.355,1.029,629282.0,614849.0,10654.0
253,2021-01-09,15.866,1.162,50.035,21.731,34.838,38.775,18.433,134.024,217.493,77.97,14.195,72.667,16.8,1.439,629801.0,615452.0,10666.0
254,2021-01-10,12.789,1.006,51.312,14.819,28.546,29.291,26.825,114.825,181.526,74.365,9.244,100.825,13.68,1.684,630200.0,616054.0,10678.0
255,2021-01-11,12.773,1.11,50.676,17.174,33.398,34.208,28.729,117.829,188.279,75.674,9.358,101.179,13.757,1.637,630506.0,616461.0,10691.0
256,2021-01-12,12.02,1.591,52.057,41.943,40.607,59.911,23.064,167.643,252.025,79.367,10.427,88.387,13.131,1.176,630892.0,617006.0,10707.0
257,2021-01-13,11.851,1.953,53.515,66.156,48.863,86.911,24.218,225.627,345.057,77.685,12.215,88.144,13.131,0.99,631249.0,617540.0,10718.0
258,2021-01-14,11.758,2.997,64.607,92.682,68.942,120.869,24.285,368.946,525.594,80.303,15.563,81.83,13.242,0.977,631589.0,617930.0,10722.0
259,2021-01-15,13.632,3.245,69.793,99.884,68.942,126.902,24.952,409.614,551.967,79.2,16.639,75.62,15.024,0.911,631884.0,618357.0,10732.0
260,2021-01-16,12.546,1.974,56.785,41.949,53.046,67.312,19.848,231.186,337.849,80.932,10.87,78.681,13.678,1.106,632183.0,618754.0,10738.0
261,2021-01-17,12.053,1.374,51.844,13.093,40.179,34.225,21.821,211.598,299.375,81.266,11.388,84.261,11.943,1.585,632429.0,619139.0,10746.0
262,2021-01-18,13.166,1.945,55.546,57.216,47.954,73.774,22.666,223.696,340.455,76.444,15.339,67.456,15.644,1.172,632590.0,619501.0,10754.0
263,2021-01-19,24.736,2.125,59.019,81.812,47.149,100.821,17.203,241.641,353.71,81.158,11.953,84.884,15.354,1.344,632821.0,619723.0,10764.0
264,2021-01-20,15.668,1.227,45.663,15.075,37.943,33.365,23.004,131.267,204.529,77.131,9.764,92.322,14.68,1.592,633049.0,620128.0,10774.0
265,2021-01-21,14.791,1.718,50.202,42.562,53.303,67.847,30.604,150.291,250.672,68.911,12.128,101.675,15.907,1.476,633276.0,620374.0,10782.0
266,2021-01-22,12.777,2.101,55.813,78.273,51.356,97.63,18.48,243.265,365.095,80.449,12.31,86.048,14.245,1.654,633542.0,620693.0,10789.0
267,2021-01-23,14.251,1.358,45.809,15.543,41.742,36.917,25.429,162.921,252.885,75.145,11.243,100.569,13.567,1.668,633739.0,621060.0,10799.0
268,2021-01-24,13.636,1.562,49.623,35.555,38.936,52.86,15.81,213.457,339.612,83.353,10.708,48.138,13.297,0.996,633924.0,621375.0,10808.0
269,2021-01-25,13.144,1.602,41.417,40.7,39.01,56.364,29.198,164.718,275.443,76.884,10.912,84.044,13.947,1.001,634072.0,621565.0,10813.0
270,2021-01-26,13.508,1.573,41.311,37.87,43.299,56.625,31.268,174.056,293.314,73.236,11.97,96.185,14.307,0.861,634229.0,621783.0,10820.0
271,2021-01-27,14.503,1.682,40.9,44.479,51.303,66.838,30.206,171.241,316.19,66.479,14.248,103.696,15.467,1.03,634325.0,621995.0,10829.0
272,2021-01-28,13.226,2.293,49.591,81.112,63.768,106.75,26.402,254.288,418.279,74.113,16.967,89.029,14.54,0.776,634524.0,622114.0,10835.0
273,2021-01-29,13.976,1.83,44.539,53.689,56.501,78.554,27.008,207.489,351.547,68.425,14.275,98.18,14.626,1.104,634773.0,622381.0,10841.0
274,2021-01-30,14.198,1.447,38.716,35.157,53.88,60.553,31.347,153.238,271.553,61.323,15.012,103.185,15.07,1.092,634956.0,622671.0,10849.0
275,2021-01-31,14.873,2.043,43.223,85.946,59.555,107.332,28.975,177.099,323.596,62.069,15.557,106.321,15.794,0.717,635096.0,622882.0,10853.0
276,2021-02-01,16.357,2.463,51.165,93.742,69.861,120.448,29.546,227.822,395.131,63.685,17.567,95.906,17.561,0.786,635217.0,623096.0,10856.0
277,2021-02-02,17.036,2.27,56.773,85.923,73.039,114.676,27.999,222.819,391.834,65.322,20.398,94.107,18.31,0.793,635331.0,623256.0,10858.0
278,2021-02-03,18.273,1.571,56.95,26.349,53.344,50.794,27.652,165.15,285.821,64.786,15.999,87.139,17.886,1.357,635481.0,623409.0,10864.0
279,2021-02-04,16.78,1.221,54.607,18.477,44.429,40.728,22.912,132.145,213.939,71.873,13.347,74.433,17.67,1.452,635639.0,623574.0,10871.0
280,2021-02-05,15.801,1.209,49.607,32.58,44.53,51.912,23.397,69.334,136.101,70.798,13.005,109.821,16.572,1.026,635793.0,623714.0,10873.0
281,2021-02-06,15.922,1.1,47.451,22.127,41.695,41.502,24.577,96.8,171.32,68.035,13.905,108.985,16.958,1.351,635916.0,623865.0,10877.0
282,2021-02-07,16.102,1.4,48.492,31.148,45.187,50.741,27.7,132.509,226.092,68.606,13.936,106.595,17.043,1.182,636035.0,624044.0,10879.0
283,2021-02-08,16.834,1.866,54.9,62.543,52.583,83.632,26.896,175.017,342.767,70.124,12.103,107.44,17.927,0.881,636160.0,624182.0,10882.0
284,2021-02-09,17.264,2.111,61.117,77.628,61.136,99.185,25.156,182.355,323.844,68.84,17.571,98.237,18.622,0.81,636260.0,624326.0,10882.0
285,2021-02-10,19.192,2.056,61.356,77.656,62.137,103.559,29.945,171.962,327.399,63.713,17.472,103.671,20.474,0.907,636387.0,624457.0,10884.0
286,2021-02-11,17.999,1.748,60.663,48.307,58.128,76.296,26.305,176.061,309.847,68.036,16.874,93.075,19.597,0.859,636529.0,624592.0,10886.0
287,2021-02-12,18.172,1.967,65.049,58.256,56.031,83.435,25.762,215.834,362.163,74.522,15.431,85.068,19.465,0.794,636670.0,624728.0,10889.0
288,2021-02-13,18.022,2.167,69.794,57.996,58.492,84.515,27.607,175.84,299.211,75.57,12.0,85.312,19.022,0.763,636796.0,624866.0,10889.0
289,2021-02-14,18.408,2.341,71.995,93.485,61.053,116.156,33.842,179.819,322.49,69.153,13.882,94.772,19.842,0.747,636946.0,625024.0,10891.0
290,2021-02-15,19.72,2.068,70.169,79.673,61.957,105.783,30.452,161.496,300.489,65.366,14.009,97.414,20.761,0.802,637087.0,625158.0,10893.0
291,2021-02-16,19.798,1.733,64.533,51.793,61.693,81.188,31.934,169.989,317.172,62.949,17.245,93.262,20.233,0.824,637181.0,625268.0,10894.0
292,2021-02-17,19.024,1.988,61.145,80.129,64.011,105.699,27.407,162.409,318.725,65.291,16.025,96.902,20.537,0.786,637315.0,625343.0,10894.0
293,2021-02-18,18.866,1.918,57.006,75.447,60.919,102.601,27.526,155.053,297.787,66.014,14.816,95.567,18.947,0.78,637445.0,625496.0,10896.0
294,2021-02-19,18.428,1.804,57.296,59.396,57.903,87.003,23.244,161.654,293.404,71.525,13.637,94.455,19.976,0.957,637603.0,625653.0,10897.0
295,2021-02-20,18.33,1.658,52.283,47.202,52.2,72.994,23.191,112.936,220.467,68.68,13.477,106.904,19.552,1.024,637755.0,625832.0,10898.0
296,2021-02-21,19.035,1.528,51.994,40.992,55.885,69.239,30.032,159.278,292.931,62.302,16.945,107.684,20.751,1.133,637900.0,625929.0,10900.0
297,2021-02-22,20.24,1.57,55.23,50.616,55.99,78.423,25.438,136.672,277.503,60.763,16.952,110.536,21.148,1.214,638028.0,626086.0,10901.0
298,2021-02-23,21.469,1.901,57.556,78.686,63.487,104.066,26.667,123.112,284.944,54.313,19.455,108.4,22.999,0.952,638173.0,626216.0,10903.0
299,2021-02-24,21.873,2.302,66.504,112.16,68.672,138.506,26.468,146.263,337.768,56.315,21.46,110.332,22.788,0.931,638373.0,626331.0,10905.0
300,2021-02-25,22.608,1.784,58.621,84.991,59.086,107.592,27.081,137.229,306.957,57.912,18.424,106.15,24.35,1.119,638593.0,626519.0,10905.0
301,2021-02-26,23.158,1.519,52.821,50.761,50.577,72.862,24.393,105.83,259.922,56.488,19.269,116.503,25.084,1.215,638849.0,626712.0,10906.0
302,2021-02-27,23.67,1.297,49.633,48.383,45.704,70.253,22.528,70.533,232.118,47.783,14.644,122.366,24.211,1.193,639092.0,626876.0,10909.0
303,2021-02-28,23.201,1.023,46.485,26.979,44.974,49.833,30.61,76.468,220.804,45.644,18.091,122.013,23.221,1.216,639289.0,627044.0,10910.0
304,2021-03-01,21.162,0.958,46.363,17.525,43.615,40.898,33.723,73.057,200.799,47.245,18.252,125.137,22.287,1.588,639464.0,627149.0,10911.0
305,2021-03-02,21.348,0.861,44.347,11.283,36.829,31.274,41.862,67.848,197.095,45.214,18.075,119.045,22.293,2.008,639681.0,627227.0,10911.0
306,2021-03-03,21.663,1.487,51.541,44.543,52.245,69.071,34.7,99.41,238.322,45.717,24.741,125.161,22.45,1.336,639921.0,627423.0,10914.0
307,2021-03-04,22.673,2.234,58.215,104.12,71.368,133.822,33.91,133.59,315.914,51.308,23.726,117.566,22.551,0.816,640182.0,627566.0,10915.0
308,2021-03-05,22.364,1.208,50.232,32.788,46.724,57.19,32.275,106.468,243.609,52.295,17.664,118.014,23.324,1.653,640494.0,627797.0,10918.0
309,2021-03-06,22.6,1.45,46.132,40.519,48.147,64.784,34.579,100.188,232.157,50.54,19.531,124.679,23.977,1.315,640815.0,628117.0,10919.0
310,2021-03-07,24.365,1.491,52.74,49.323,51.285,73.291,39.99,116.569,279.686,48.521,21.998,113.464,24.825,1.368,641101.0,628377.0,10921.0
311,2021-03-08,24.15,1.23,51.402,11.463,41.714,35.134,38.992,101.243,245.569,54.119,16.638,107.796,24.698,1.608,641340.0,628686.0,10924.0
312,2021-03-09,25.036,1.238,57.166,14.7,43.04,38.919,31.843,121.565,290.488,56.633,17.208,107.838,25.372,1.425,641660.0,628920.0,10928.0
313,2021-03-10,24.547,1.154,50.261,28.587,47.044,54.285,28.942,68.52,174.232,51.022,17.518,114.831,25.327,0.927,642030.0,629199.0,10931.0
314,2021-03-11,25.007,1.532,59.414,52.992,51.165,78.236,28.517,110.268,250.783,53.609,20.083,128.934,25.466,1.023,642439.0,629485.0,10934.0
315,2021-03-12,23.589,1.049,51.483,26.473,42.171,49.66,23.999,73.671,195.422,47.386,14.127,90.421,24.405,1.675,642870.0,629841.0,10936.0
316,2021-03-13,23.273,1.266,54.816,38.406,44.29,60.931,29.753,104.309,225.982,53.11,21.231,135.791,23.931,1.108,643289.0,630143.0,10939.0
317,2021-03-14,23.162,1.081,48.382,25.645,39.659,47.149,28.915,93.216,197.915,53.163,19.541,144.176,23.11,1.214,643696.0,630493.0,10941.0
318,2021-03-15,24.047,1.074,48.018,23.36,41.429,46.413,25.982,98.664,241.916,52.572,18.884,121.146,23.827,1.269,644064.0,630799.0,10944.0
319,2021-03-16,24.281,1.088,44.225,24.294,40.442,46.058,21.312,115.371,320.543,52.975,19.272,123.702,24.782,1.29,644489.0,631056.0,10945.0
320,2021-03-17,25.114,1.199,45.422,34.383,43.261,57.928,23.818,114.672,352.16,49.451,20.939,130.459,25.685,1.092,645025.0,631375.0,10948.0
321,2021-03-18,24.962,1.442,48.463,54.662,49.713,79.47,25.51,123.422,354.861,49.812,19.104,118.894,25.885,0.931,645632.0,631759.0,10949.0
322,2021-03-19,25.977,1.168,45.332,30.37,43.894,54.366,28.749,99.791,277.23,46.092,19.19,131.53,26.39,1.108,646348.0,632230.0,10953.0
323,2021-03-20,24.608,1.223,47.607,36.105,43.924,58.524,30.553,110.015,256.51,49.485,21.523,139.836,25.378,1.226,647161.0,632797.0,10955.0
324,2021-03-21,25.703,1.266,43.432,47.738,46.077,70.231,36.281,109.083,269.455,48.51,22.044,133.785,26.448,1.173,647984.0,633410.0,10956.0
325,2021-03-22,25.282,1.138,39.204,26.915,41.176,49.276,29.884,74.228,234.528,47.346,16.851,110.155,25.544,1.599,648872.0,633975.0,10963.0
326,2021-03-23,23.75,1.174,48.555,35.06,42.172,56.467,19.645,71.462,263.788,47.974,16.744,94.77,24.085,1.791,649973.0,634595.0,10967.0
327,2021-03-24,24.474,0.871,44.224,25.682,39.529,46.293,32.755,71.09,189.305,44.785,17.315,135.593,25.754,1.305,651227.0,635364.0,10973.0
328,2021-03-25,22.942,0.891,41.688,21.968,33.215,39.262,31.073,56.389,147.683,50.587,13.557,143.405,23.334,1.767,652742.0,636267.0,10978.0
329,2021-03-26,23.636,1.048,41.848,26.586,40.293,48.01,36.588,74.46,167.546,49.408,19.006,156.669,24.033,1.485,654276.0,637238.0,10987.0
330,2021-03-27,25.167,1.365,47.028,54.805,52.272,79.568,33.948,97.928,225.501,49.356,20.745,149.76,26.894,0.948,655834.0,638212.0,10997.0
331,2021-03-28,27.08,1.321,50.819,55.311,52.611,78.511,39.903,104.966,234.932,47.433,18.791,196.05,27.462,1.006,657715.0,639164.0,11006.0
332,2021-03-29,28.948,1.353,46.038,41.953,43.032,61.179,38.579,83.723,207.123,38.488,16.903,122.424,29.04,1.045,659619.0,640575.0,11012.0
333,2021-03-30,27.752,1.105,49.509,37.067,36.591,50.144,37.262,97.45,312.86,39.81,14.016,140.692,28.274,1.907,660611.0,642166.0,11016.0
334,2021-03-31,26.972,0.737,38.647,21.166,31.61,29.539,44.255,57.227,213.034,31.984,14.282,165.368,27.814,2.013,662430.0,642565.0,11027.0
335,2021-04-01,26.125,0.779,34.752,12.908,33.46,27.179,41.02,51.489,210.772,26.298,18.246,161.688,25.937,2.141,665220.0,643686.0,11036.0
336,2021-04-02,25.656,0.982,37.033,20.027,45.618,40.05,33.81,66.593,182.829,27.518,22.69,171.241,26.73,1.378,668814.0,645770.0,11050.0
337,2021-04-03,25.61,1.185,40.997,32.978,52.388,56.46,37.714,64.783,172.536,27.688,19.603,169.788,25.453,1.013,672381.0,648674.0,11060.0
338,2021-04-04,27.003,1.212,46.465,34.739,53.063,57.822,36.076,77.554,199.86,30.535,22.776,168.748,27.277,1.167,676414.0,651351.0,11081.0
339,2021-04-05,29.31,1.399,49.614,39.214,63.882,60.354,40.879,89.222,233.741,31.161,25.18,143.324,30.469,0.987,679962.0,654287.0,11096.0
340,2021-04-06,29.462,1.355,57.699,26.626,56.162,53.888,51.311,119.145,306.69,35.622,24.952,141.518,29.001,1.21,685062.0,656617.0,11113.0
341,2021-04-07,28.758,0.987,47.078,23.544,39.281,41.759,45.923,72.735,233.347,35.979,15.247,150.921,28.255,1.452,690568.0,659980.0,11133.0
342,2021-04-08,27.571,1.062,38.615,29.756,43.093,50.701,41.242,58.348,168.429,31.692,16.75,181.96,27.466,1.269,698005.0,663667.0,11157.0
343,2021-04-09,27.782,1.237,37.511,40.236,46.828,63.5,37.767,65.011,184.095,28.528,17.42,179.753,28.86,1.31,706526.0,668699.0,11196.0
344,2021-04-10,28.461,1.196,39.622,34.138,52.791,61.961,35.423,68.007,192.419,27.78,19.145,171.995,29.846,1.078,714423.0,674415.0,11235.0
345,2021-04-11,29.7,1.193,40.374,39.598,50.09,66.089,37.822,77.637,211.91,28.565,22.64,176.554,30.047,1.113,725197.0,679573.0,11283.0
346,2021-04-12,30.019,1.342,43.803,44.425,54.048,72.772,36.405,103.806,263.828,30.863,23.778,162.577,28.979,0.962,736688.0,687238.0,11355.0
347,2021-04-13,30.366,1.245,42.843,37.56,46.64,63.34,35.635,94.472,256.086,31.532,24.618,162.25,30.703,1.191,750156.0,695210.0,11436.0
348,2021-04-14,31.278,1.007,38.462,21.645,39.847,45.048,37.92,69.241,213.669,29.66,19.603,166.259,30.508,1.282,767438.0,705162.0,11540.0
349,2021-04-15,31.188,1.125,37.557,26.25,44.88,51.545,33.614,82.301,258.203,28.531,20.603,157.059,30.937,1.243,784137.0,718176.0,11652.0
350,2021-04-16,29.013,1.09,40.977,24.846,41.111,47.67,33.492,91.432,281.6,38.713,19.563,139.436,28.432,1.365,803623.0,730825.0,11793.0
351,2021-04-17,27.221,0.881,46.84,14.438,28.384,30.94,31.32,50.763,118.503,47.173,12.614,188.103,25.836,1.394,827998.0,746239.0,11960.0
352,2021-04-18,29.007,0.989,44.106,14.474,31.818,33.425,43.116,70.078,181.783,40.337,17.131,195.398,28.212,1.065,853460.0,766398.0,12121.0
353,2021-04-19,29.988,1.158,41.629,24.997,45.137,43.927,37.318,77.885,221.764,34.902,17.633,198.405,30.303,1.175,877146.0,787898.0,12361.0
354,2021-04-20,27.722,0.851,36.955,11.267,35.294,27.102,41.585,67.967,205.68,35.735,22.042,109.284,27.447,1.622,905541.0,807328.0,12638.0
355,2021-04-21,26.799,0.825,39.574,9.502,26.187,19.663,40.539,49.613,117.658,45.803,14.519,191.161,25.786,1.354,930179.0,831928.0,12887.0
356,2021-04-22,27.376,0.816,37.517,8.445,28.508,19.974,50.285,51.115,141.912,44.886,13.436,188.306,26.62,1.38,956348.0,851537.0,13193.0
357,2021-04-23,26.492,0.851,37.762,8.906,27.751,19.749,45.359,48.278,136.809,45.456,14.494,148.856,25.55,1.991,980679.0,875109.0,13541.0
358,2021-04-24,27.004,0.866,32.849,12.402,33.249,24.942,42.514,49.324,124.564,38.371,13.981,201.327,26.07,1.516,1004782.0,897804.0,13898.0
359,2021-04-25,28.2,1.148,34.482,18.338,37.939,34.79,42.665,90.099,195.862,35.743,18.762,197.682,27.637,1.339,1027715.0,918875.0,14248.0
360,2021-04-26,29.607,1.49,36.769,35.283,48.961,56.434,43.459,148.792,274.281,33.206,27.656,182.081,30.861,0.959,1047916.0,940930.0,14628.0
361,2021-04-27,31.164,1.742,40.943,47.046,52.244,70.189,44.833,156.54,314.481,33.994,27.019,171.503,30.413,1.009,1072065.0,958792.0,15009.0
362,2021-04-28,32.506,1.486,41.622,30.092,49.82,52.509,40.513,181.147,346.474,31.477,31.13,165.393,31.772,1.016,1098051.0,982922.0,15377.0
363,2021-04-29,32.638,1.196,38.061,18.014,41.56,36.447,46.763,147.058,343.585,31.598,23.8,161.626,31.94,1.162,1122286.0,1008537.0,15772.0
364,2021-04-30,31.883,1.235,37.277,16.276,40.809,34.692,49.635,113.453,319.243,34.273,21.588,154.075,31.311,1.067,1149333.0,1033825.0,16147.0
365,2021-05-01,32.253,1.032,38.025,11.145,32.659,25.21,55.64,75.891,229.189,34.064,14.69,149.275,31.648,1.137,1174552.0,1061246.0,16559.0
366,2021-05-02,31.713,1.058,40.09,13.814,34.648,28.779,39.271,71.843,205.109,35.175,14.397,158.48,30.705,1.173,1194946.0,1085690.0,16966.0
367,2021-05-03,31.839,1.105,37.2,15.824,32.758,29.129,33.489,89.971,272.716,36.063,15.51,169.118,30.73,1.073,1212989.0,1105983.0,17414.0
368,2021-05-04,32.743,1.022,37.331,17.95,36.212,32.978,35.926,66.794,185.594,34.297,13.98,155.035,31.731,1.084,1232942.0,1124771.0,17752.0
369,2021-05-05,31.494,1.09,40.893,13.51,29.225,26.777,53.502,67.772,186.979,41.373,15.075,162.863,30.896,1.448,1253902.0,1143980.0,18063.0
370,2021-05-06,29.254,1.016,47.793,13.733,26.834,25.263,46.023,59.756,156.675,50.718,11.418,149.719,28.407,1.753,1273035.0,1164008.0,18398.0
371,2021-05-07,28.689,1.052,47.258,15.791,33.557,30.272,45.942,62.96,133.616,50.394,13.243,177.048,27.474,1.024,1292867.0,1183093.0,18739.0
372,2021-05-08,30.726,1.124,49.405,21.004,37.886,38.117,46.186,74.869,152.028,44.07,12.824,184.215,30.08,0.921,1310231.0,1203253.0,19071.0
373,2021-05-09,30.626,0.96,46.473,15.833,30.685,29.753,53.557,59.644,134.715,44.233,11.485,154.772,29.568,1.3,1323567.0,1217991.0,19344.0
374,2021-05-10,30.237,1.146,45.254,14.32,34.435,30.462,48.442,54.115,130.995,45.59,11.042,148.537,28.707,1.437,1336218.0,1231297.0,19663.0
375,2021-05-11,31.214,0.994,49.513,14.313,28.183,26.861,52.065,57.319,137.74,43.156,11.454,171.806,30.601,1.36,1348699.0,1244880.0,20010.0
376,2021-05-12,30.524,0.919,42.427,15.44,28.114,28.045,43.677,43.527,140.392,42.422,11.016,161.599,29.22,1.489,1361986.0,1258951.0,20310.0
377,2021-05-13,28.117,0.96,42.679,13.54,26.664,25.058,40.626,40.067,96.285,52.534,10.298,176.851,26.782,1.709,1372475.0,1274140.0,20618.0
378,2021-05-14,29.906,0.959,47.509,13.549,26.95,25.109,47.925,47.464,114.234,48.502,10.252,186.15,28.707,1.17,1380981.0,1288280.0,20907.0
379,2021-05-15,29.332,1.03,43.102,17.57,33.402,31.976,39.036,51.686,177.767,43.836,11.744,154.017,28.734,1.243,1387411.0,1299872.0,21244.0
380,2021-05-16,30.77,1.188,41.128,22.427,37.801,39.803,48.296,66.588,151.189,39.945,16.997,184.273,30.258,0.911,1393867.0,1309578.0,21506.0
381,2021-05-17,31.429,1.298,44.313,27.721,49.925,52.503,38.699,83.094,189.288,41.004,14.854,86.868,30.205,0.972,1398391.0,1320496.0,21846.0
382,2021-05-18,27.845,0.845,42.961,15.989,30.431,29.046,25.726,32.512,91.007,55.225,9.203,63.106,26.718,1.412,1402873.0,1329899.0,22111.0
383,2021-05-19,23.413,0.895,47.537,13.447,27.394,24.141,19.867,41.283,78.478,80.296,8.686,47.224,22.317,1.564,1406719.0,1339326.0,22346.0
384,2021-05-20,25.97,0.967,51.837,12.782,27.165,23.301,29.121,45.463,87.05,71.253,8.644,159.553,24.644,1.605,1409950.0,1347157.0,22579.0
385,2021-05-21,26.212,0.985,47.255,12.593,30.729,25.057,29.03,38.223,80.771,69.23,8.491,153.57,25.407,1.416,1412959.0,1354445.0,22831.0
386,2021-05-22,28.298,0.948,42.837,15.728,30.378,27.819,41.774,39.757,87.64,56.58,8.84,221.277,26.994,1.283,1415219.0,1360898.0,23013.0
387,2021-05-23,28.42,0.822,43.282,18.008,30.27,30.247,36.336,143.576,341.409,55.139,8.996,158.051,26.478,1.314,1416868.0,1366056.0,23202.0
388,2021-05-24,29.854,0.847,38.726,16.558,30.238,28.922,46.318,60.6,146.414,44.045,9.838,215.965,28.607,1.669,1418418.0,1370431.0,23409.0
389,2021-05-25,31.954,0.903,35.153,18.454,34.974,34.285,52.024,50.905,134.859,37.262,10.186,228.406,30.151,1.615,1419986.0,1374682.0,23565.0
390,2021-05-26,32.278,1.166,35.944,30.042,42.375,49.829,41.146,61.838,145.797,37.596,12.211,213.983,30.745,1.097,1421477.0,1378634.0,23695.0
391,2021-05-27,33.032,1.041,39.892,25.02,40.964,45.119,39.914,58.914,151.929,40.966,10.721,206.602,31.31,1.206,1422549.0,1382359.0,23812.0
392,2021-05-28,32.603,0.918,42.96,16.376,28.081,28.533,38.964,38.27,112.11,51.544,8.269,197.065,30.288,1.95,1423690.0,1385158.0,23951.0
393,2021-05-29,32.417,0.763,40.688,16.375,25.514,27.018,37.405,29.924,105.498,49.807,8.374,188.137,30.22,2.37,1424646.0,1387538.0,24073.0
394,2021-05-30,31.64,0.842,37.056,16.472,27.443,28.465,37.731,34.487,124.745,50.597,8.163,183.209,29.331,1.846,1425592.0,1389341.0,24151.0
395,2021-05-31,33.452,1.004,33.975,22.88,40.322,42.593,33.73,49.642,147.691,43.364,10.169,183.603,31.378,1.059,1426240.0,1390963.0,24237.0
396,2021-06-01,28.328,0.879,32.954,17.378,30.728,30.172,40.557,43.44,119.583,62.478,8.354,150.66,26.095,1.71,1426863.0,1392386.0,24299.0
397,2021-06-02,31.077,1.0,37.497,16.641,34.607,31.501,36.77,58.325,133.066,53.307,10.977,184.701,28.875,1.333,1427439.0,1393673.0,24402.0
398,2021-06-03,32.187,1.112,38.837,15.082,36.683,31.1,47.418,74.971,166.867,51.53,12.491,179.263,29.912,1.005,1427926.0,1394731.0,24447.0
399,2021-06-04,31.979,1.012,42.491,15.179,34.19,30.877,44.55,75.795,169.403,54.423,11.071,175.258,29.704,1.222,1428449.0,1395892.0,24497.0
400,2021-06-05,31.012,0.92,43.215,13.863,34.739,29.624,42.096,50.357,126.887,52.907,10.374,187.725,28.832,1.319,1428863.0,1397575.0,24557.0
401,2021-06-06,32.516,1.04,42.837,18.093,37.672,34.499,34.675,53.147,159.656,50.884,9.039,204.883,30.171,0.937,1429244.0,1398764.0,24591.0
402,2021-06-07,34.277,1.111,42.727,18.267,41.665,36.313,39.596,72.234,197.609,46.861,11.612,196.714,32.121,1.071,1429475.0,1399640.0,24627.0
403,2021-06-08,35.366,1.079,40.917,22.381,37.243,37.621,22.294,87.009,355.273,40.891,11.191,176.249,33.638,1.482,1429791.0,1400161.0,24668.0
404,2021-06-09,36.622,1.006,38.229,17.662,29.82,31.67,26.679,69.716,292.788,40.377,9.698,185.173,34.092,1.562,1430128.0,1400913.0,24704.0
405,2021-06-10,34.752,1.037,41.478,9.964,26.773,22.989,30.202,63.364,201.985,55.071,9.068,171.89,31.348,1.779,1430433.0,1401473.0,24748.0
406,2021-06-11,33.356,0.989,42.919,10.119,28.242,25.012,37.463,51.124,169.756,57.921,8.526,180.122,29.964,1.543,1430671.0,1401977.0,24772.0
407,2021-06-12,32.79,0.995,46.435,11.085,27.1,22.703,29.871,39.228,106.044,57.822,8.121,167.422,29.415,2.153,1430884.0,1402474.0,24800.0
408,2021-06-13,31.698,0.976,41.603,13.599,29.522,27.649,31.141,39.64,94.958,60.918,8.965,151.945,28.361,1.382,1431139.0,1402850.0,24823.0
409,2021-06-14,34.043,0.956,38.814,9.562,27.194,23.371,38.463,41.891,106.612,54.675,9.103,202.734,30.921,1.218,1431270.0,1403205.0,24839.0
410,2021-06-15,33.492,0.89,38.545,9.35,24.297,21.057,34.025,36.763,120.204,54.773,9.201,180.523,30.037,1.517,1431498.0,1403569.0,24851.0
411,2021-06-16,31.544,1.011,37.085,11.146,26.466,22.851,36.617,40.24,93.732,61.298,8.948,140.497,28.164,1.303,1431710.0,1404085.0,24876.0
412,2021-06-17,32.377,1.009,40.872,12.284,27.284,23.589,32.383,47.662,104.732,61.507,9.614,171.917,29.104,1.311,1431868.0,1404428.0,24886.0
413,2021-06-18,32.158,0.915,40.422,9.719,22.519,20.792,27.111,30.705,70.779,61.943,9.081,173.125,28.844,1.673,1432033.0,1404688.0,24900.0
414,2021-06-19,31.564,0.872,38.97,11.669,21.603,19.928,23.328,30.658,69.749,63.955,10.061,175.708,28.257,1.597,1432168.0,1404889.0,24907.0
415,2021-06-20,31.085,0.882,36.137,12.676,19.942,18.095,24.144,28.363,58.222,66.963,8.529,161.113,27.677,1.449,1432292.0,1405287.0,24914.0
416,2021-06-21,33.595,1.012,38.007,11.604,25.481,23.07,30.914,42.065,91.509,58.96,9.335,193.471,29.987,1.042,1432381.0,1405460.0,24925.0
417,2021-06-22,35.756,1.044,41.11,13.226,32.394,30.041,37.9,53.326,154.367,47.262,9.885,183.52,32.252,1.138,1432778.0,1405927.0,24933.0
418,2021-06-23,36.074,1.122,47.101,16.987,35.436,36.758,41.968,81.516,256.761,45.441,13.233,187.918,31.253,1.033,1433366.0,1406629.0,24940.0
419,2021-06-24,33.667,1.018,45.823,9.066,26.313,23.506,34.553,54.922,144.486,55.634,9.181,160.694,29.009,1.583,1433475.0,1406760.0,24948.0
420,2021-06-25,34.004,0.978,43.637,10.45,29.177,27.206,39.367,60.09,182.493,49.713,10.958,184.396,29.398,1.248,1433590.0,1406958.0,24952.0
421,2021-06-26,33.209,1.143,43.267,16.161,31.594,33.846,31.156,47.665,139.925,54.758,10.501,169.127,28.932,1.045,1433675.0,1407116.0,24961.0
422,2021-06-27,34.822,1.098,47.329,14.557,29.384,29.635,40.436,75.048,188.762,53.591,10.162,165.453,30.179,1.067,1433934.0,1407401.0,24965.0
423,2021-06-28,35.632,1.12,45.652,11.891,31.255,29.318,43.093,68.376,166.395,50.891,9.769,174.269,30.803,0.917,1433993.0,1407473.0,24967.0
424,2021-06-29,36.838,1.186,46.049,19.022,37.963,39.798,39.207,76.193,214.23,45.265,10.635,193.473,34.148,1.343,1434094.0,1407592.0,24971.0
425,2021-06-30,38.241,0.931,45.128,17.52,31.62,35.163,25.343,72.367,325.639,39.05,11.116,184.557,34.925,1.798,1434188.0,1407832.0,24977.0
426,2021-07-01,36.901,0.858,40.563,15.645,29.988,30.716,18.375,65.845,263.174,40.69,11.518,20.738,32.012,1.211,1434281.0,1407943.0,24981.0
